Reference,Quantity,Package,Value,Specs,Mouser,Notes
C48;C47;C46;C45;C44;C43;C14;C30;C33;C20;C23;C17;C21;C29,14,C_0402,100n,10V,,
C36;C35;C42;C41;C40;C37;C39;C10;C11;C12;C13;C49,12,C_0402,2u2,10V,,
C32,1,C_0402,10nF,10V,,
C26;C24,2,C_0402,22p,16V,,
L5,1,C_0805,82n,,994-0805CS-820XJLC,
IC8,1,DFN-6-1EP_2x2mm_Pitch0.5mm,LDLN015PU33R,,511-LDLN015PU33R,
R25;R26,2,R_0402,4k7,1%,,
C38,1,C_0402,10n,10V,,
R9;R10;R11;R12;R21;R35,6,R_0402,1k5,1%,,
D1,1,LED_0603,yellow,,,
D2,1,LED_0603,blue,,,
D4;D7;D10,3,LED_0603,red,,,
D3,1,LED_0603,green,,,
L2,1,LPS3015,LPS3015-222,,994-LPS3015-222MRC,
R7,1,R_0402,500k,1%,,
IC2,1,DFN-6-1EP_2x2mm_Pitch0.65mm,TPS62260DRVR,,595-TPS62260DRVR,
R8;R36,2,R_0402,250k,1%,,
C5,1,C_0402,22pF,10V,,
C6,1,C_0805,10u,10V,,
C4;C3,2,C_0805,10u,16V,,
X1,1,tcxo,KT2016K26000BCW18ZAS,,581-KT2016K2BCW18ZAS,
IC1,1,TSSOP-8_4.4x3mm_Pitch0.65mm,SPV1040T,,511-SPV1040T,
R3;R5;R33,3,R_0402,22k,1%,,
R4;R6;R32,3,R_0402,10k,1%,,
C2,1,C_0402,1n,16V,,
R1,1,R_0402,220k,1%,,
R2;R14;R24;R23;R17;R28;R31,7,R_0402,100k,1%,,
L1,1,XAL4040,XAL4040-103,,994-XAL4040-103MEC,
C1,1,C_0805,22u,16V,,
IC3,1,QFN-16-1EP_3x3mm_Pitch0.5mm,ADP322ACPZ-115-R7,,584-ADP322ACPZ-115R7,
C9;C8;C7,3,C_0402,2u2,16V,,
IC4,1,QFN-20-1EP_4x4mm_Pitch0.5mm,Si4063-B1B-FM,,634-SI4063-B1B-FM,
C15;C16;C34,3,C_0402,100p,10V,,
C18;C19;C25;C27,4,C_0402,470p,16V,,
L3,1,C_0805,470nH,,994-0805LS-471XJLB,
P3,1,USB_Micro-B_SMD,ZX62-B-5PA(33),,798-ZX62-B-5PA33,
C31;C22;C50,3,C_0805,22u,10V,,
IC6,1,EVA7M,EVA-7M,,,get from uBlox directly
R19;R20;R13,3,R_0402,N/A,,,do not assemble
R22;R18,2,R_0603,0R1,,71-WSLP0603R1000FEA,
IC7,1,DFN-10-1EP_3x3mm_Pitch0.5mm,PAC1720-1-AIA-TR,,579-PAC1720-1-AIA-TR,
R27,1,R_0402,0R,,,
P2,1,Pin_Header_Straight_1x11,CONN_01X11,,,do not assemble
P4;P6,2,IPX_2mm,IPX 2mm,,960-RECE20279001E01,
D9;D8,2,MELF_Standard,RFN1L7STE25,,755-RFN1L7STE25,
R29;R30;R34,3,R_0402,1k,1%,,
C28,1,C_0402,1u,10V,,
F1,1,Fuse_SMD1206_Reflow,PMS1206-075,750mA,637-PMS1206-075,
Q1,1,SOT-23,FDN306P,,512-FDN306P,
W1,1,PAD_3x1.5,Testpad,,,do not assemble
W8;W6;W11;W10,4,PAD_6x3,Pad,,,do not assemble
W7,1,PAD_3x3,Pad,,,do not assemble
P5,1,Pin_Header_Straight_1x02_SMD,CONN_01X02,,,do not assemble
W18;W16;W14;W13;W12;W26;W27;W21;W22;W23;W24;W19;W17;W15;W20,15,Testpad,Testpad,,,do not assemble
L4;L6,2,C_0805,56n,,994-0805CS-560XJLC,
P1,1,OV2640_Header,CONN_02X13,,,do not assemble
P7,1,OV2640_Socket,CONN_02X13,,,do not assemble
U3,1,OV2640,uctronics OV2640,,,Get here https://www.alibaba.com/product-detail/2-0-Mega-Pixels-CMOS-OV2640_60164111839.html?spm=a2700.7724838.0.0.jFytxh
IC9,1,BME280,BME280,,262-BME280,
IC5,1,UFBGA176,STM32F429IIH6,,511-STM32F429IIH6,
